<?xml version="1.0" encoding="UTF-8"?>
<!DOCTYPE mapper
    PUBLIC "-//mybatis.org//DTD Mapper 3.0//EN"
    "http://mybatis.org/dtd/mybatis-3-mapper.dtd">
 <mapper namespace="dao.CategoryDao" >   
	<resultMap id="BaseResultMap" type="entity.Category" >
   	 <id column="category_id" property="categoryId" jdbcType="INTEGER" />
   	 <result column="category_name" property="categoryName" jdbcType="VARCHAR" />
  	</resultMap>
	<sql id="Base_Column_List" >
   	 category_id, category_name
  	</sql>

	<select id="selectByPrimaryKey" resultMap="BaseResultMap" parameterType="java.lang.Integer" >
    select 
    <include refid="Base_Column_List" />
    from category
    where category_id = #{categoryId,jdbcType=INTEGER}
  </select>
  
  
  <!-- 查询所有的类别 -->
	<select id="selectAllCategory" resultType="entity.Category">
		SELECT
		*
		FROM
		category;
		
	</select>


</mapper>