<?xml version="1.0" encoding="UTF-8"?>
<!DOCTYPE mapper
    PUBLIC "-//mybatis.org//DTD Mapper 3.0//EN"
    "http://mybatis.org/dtd/mybatis-3-mapper.dtd">
<mapper namespace="dao.OrderDao" > 
	<resultMap id="orderMap" type="entity.Order">
		<id column="order_id" property="orderId" />
		<result column="address" property="address" jdbcType="VARCHAR" />
    	<result column="mobile" property="mobile" jdbcType="VARCHAR" />
    	<result column="order_create_date" property="orderCreateDate" jdbcType="TIMESTAMP" />
    	<result column="order_pay_date" property="orderPayDate" jdbcType="TIMESTAMP" />
    	<result column="number" property="number" jdbcType="INTEGER" />
    	<result column="u_id" property="uId" jdbcType="INTEGER" />
    	<result column="p_id" property="pId" jdbcType="INTEGER" />
    	<result column="order_message" property="orderMessaged" jdbcType="VARCHAR" />
    	
    	<association property="user" column="id" javaType="entity.User">
    		<id column="id" property="id" />
    		<result column="name" property="name" />
    	
		</association>
		
		<association property="product" column="product_id" javaType="entity.Product">
    		<id column="product_id" property="productId" />
    		<result column="product_name" property="productName" />
    		<result column="price" property="price" jdbcType="REAL" />
    		<result column="stock" property="stock" jdbcType="INTEGER" />
    		<result column="u_id" property="uId" jdbcType="INTEGER" />
    		<result column="product_img" property="productImg" jdbcType="VARCHAR" />
		</association>
	</resultMap>
	
	
	<select id="queryOrderList" resultMap="orderMap">
		select 
			o.order_id, 
			o.address, 
			o.mobile, 
			o.order_create_date,
			o.order_pay_date, 
			o.number, 
			o.u_id, 
			o.p_id,
			o.order_message,
			u.id,
			u.name,
			p.product_id,
			p.product_name,
			p.price,
			p.stock,
			p.product_img,
			p.u_id as productUserId
		from 
		    product p,
    		user u,
    		order_table o
    	<where>
			<!-- 跳件的组合 -->
			<!-- id -->
			<if test="orderCondition.orderId!=null">
				and o.order_id = #{orderCondition.orderId}
			</if>
			
			<!-- 用户 -->
			<if
				test="orderCondition.user!=null
				 and orderCondition.user.id!=null">
				and o.u_id = 
				#{orderCondition.user.id}
			</if>
			
			and
			o.u_id = u.id
    		and
    		o.p_id = p.product_id
			
		</where>
		
		LIMIT #{rowIndex},#{pageSize};
			
		
	</select>
	
</mapper>